"Path","Size","SHA256"
"00_START_HERE.md","3515","06C55E06D8E5ED043BB83DCF1C774881F0988368FCCDB15C2DC60FE1EEF13E19"
"apps/robot_pc_system_4wis_dashboard/.gitignore","444","EDDF6B1E0B04B5075DF14607ABE8679A5CD7D681E925E4F3C6C335BC18F6A7B1"
"apps/robot_pc_system_4wis_dashboard/assets/app_icon.svg","822","5F001D3A2BCD386F0C7AF468086541B5626E73956DA09BBFEF8B77FB87859A8E"
"apps/robot_pc_system_4wis_dashboard/assets/README.md","775","D889C8BD6C02AAC9EB4C2DB3C32CE3FEDF8520F23854C8EEA1CC34D32350736C"
"apps/robot_pc_system_4wis_dashboard/assets/sounds/arm.wav","13272","454CF40E5E394426D7746B08518126D961666D98B6FACF8A521F1B91B99E40D0"
"apps/robot_pc_system_4wis_dashboard/assets/sounds/communication_test_pass.wav","11510","DE75C6C6D9623EA87C0389BAED9ECE74FD34504F2728EE23B248A94CC99242BD"
"apps/robot_pc_system_4wis_dashboard/assets/sounds/controller_connected.wav","11508","B259FBE5C7FE2615A0926B65E2D23276ABC65C01722AE332AA37D6F7E71FAE0A"
"apps/robot_pc_system_4wis_dashboard/assets/sounds/controller_disconnected.wav","12830","97816D5EA276EB00E3A519C917DE7E1277FE787086159844620D62DCFE0737EA"
"apps/robot_pc_system_4wis_dashboard/assets/sounds/critical.wav","29150","14412C5D7AB55588CC80D1EE4E87EF8AD49DC5638FC083FA3A18345ED64C2C68"
"apps/robot_pc_system_4wis_dashboard/assets/sounds/device_connected.wav","9304","E5BC15283632EABA684A5AA40E742ADCB28833F9ADB54D0FE0355494ABF66C87"
"apps/robot_pc_system_4wis_dashboard/assets/sounds/device_disconnected.wav","11068","6030CB463AF57FC847A9B095D15EB4144D36415E36186FEFB1C52633277C2799"
"apps/robot_pc_system_4wis_dashboard/assets/sounds/fail.wav","25622","5BA48576CAC21CB72FABE87161E3A78A62060EAC3033C0C56FA55A78728F3D81"
"apps/robot_pc_system_4wis_dashboard/assets/sounds/limit_switch.wav","7540","3E71202332B16BCE0A4F648F97C5462220B668E6BD05B60791B3B8785718375A"
"apps/robot_pc_system_4wis_dashboard/assets/sounds/operation_rejected.wav","9302","26E570A6CA8D075BF5DE49C7F7003A792CBCB18B3EFB56C7E65E77AA7F7BBC5F"
"apps/robot_pc_system_4wis_dashboard/assets/sounds/README.md","579","80848C3438C33746B70175F202212324DC1DD025200BEB998CA89DDC00AEE375"
"apps/robot_pc_system_4wis_dashboard/assets/sounds/safe.wav","13714","8FE650E082F7E9E58FA2D8C9323991F94E0658A327FA3770AFAD2C53FB097843"
"apps/robot_pc_system_4wis_dashboard/assets/sounds/settings_save_failed.wav","12832","2DB5DD59AFACA00388423A925F73A6FC8F8B194D5E203E3404F274F8485149A4"
"apps/robot_pc_system_4wis_dashboard/assets/sounds/settings_saved.wav","7540","231A1553E2DE55C75E40462F7809F80236336786FF8F52281ADE2143D2748AE6"
"apps/robot_pc_system_4wis_dashboard/assets/sounds/start_ready_10s.wav","19444","EC3860EFE6B4FDB91151137CD623DA5786653BFC9C64894233E46DB2A39D1B0E"
"apps/robot_pc_system_4wis_dashboard/assets/sounds/start_ready.wav","16802","106465F5020D36904D55E1F2BF03778E3CEE0C6FE8BED944A49ACCE45722B0F6"
"apps/robot_pc_system_4wis_dashboard/assets/sounds/start.wav","15920","DAFC12BBF4A425A80B3E764D90D1E7060467945F39C780F913BCD8C33458DC34"
"apps/robot_pc_system_4wis_dashboard/assets/sounds/startup_complete.wav","15478","B7B3532545DA6A28DDE17A95EDF93062F45AAE6EB2EBCE4981701A281D768CD8"
"apps/robot_pc_system_4wis_dashboard/assets/sounds/timeout_relock.wav","22092","46A1332DC1F2641B8C1030487F7E6BA5CC5CD7D7A43AA2F3E7E3C64240BE1A6E"
"apps/robot_pc_system_4wis_dashboard/assets/sounds/warning.wav","11068","6A6FCADD2C29B69E3245A00087BF25777F31FDED89FE7BCE4991501305DA3FC9"
"apps/robot_pc_system_4wis_dashboard/config/field/f3rc2026_field.yaml","8714","4451951CA4CBA3B0BB6394500449FD3668AF7E367EEA982CDBA54F72BD1B2750"
"apps/robot_pc_system_4wis_dashboard/config/hardware_profile.yaml","1364","ED2E81FCCEA0BD40641F916B5B20595E9A5819C794F4BB8D4A009A63429362DF"
"apps/robot_pc_system_4wis_dashboard/config/optical_odometry.yaml","390","30DFF2FBF114C428833E8BD8C4EBD4951BB83BA450586B58580F1AA312AEBF87"
"apps/robot_pc_system_4wis_dashboard/config/sound_settings.json","683","1B928D1518218667188E7624DAD1443A76631E68F149B3E88FC11AE681FB919E"
"apps/robot_pc_system_4wis_dashboard/docs/architecture.md","2372","D219F1E4B4956BAD7CB6401BA0F301E00AF659EFF1E0A6E86EE8521BE6DB9F30"
"apps/robot_pc_system_4wis_dashboard/docs/arduino_compile.md","2867","622C4B664FCCE5343F40D5C7219CA469DD806595318D99FDB625BBAED63B26C5"
"apps/robot_pc_system_4wis_dashboard/docs/arduino_ide_tab.md","3662","6CF25E9C08E981EB15E99A6B282C6F5042F831872D26907B0D6B470D94F8C091"
"apps/robot_pc_system_4wis_dashboard/docs/arduino_upload_from_app.md","8538","5B4848BB2AA6B2F78AD9451B4EA6C054FD48D4535C7E8666DBB7283ABBA782E0"
"apps/robot_pc_system_4wis_dashboard/docs/auto_drive.md","2098","228306BB2003394D70F01E9357A676622BBA2BB8A0C0CD0A695E624717B9BFF6"
"apps/robot_pc_system_4wis_dashboard/docs/codex_workflow.md","2201","CFC5A68E3603C0D9F2AE5E156AAA33F79BD50168B05CF02C7D882D392B4D8EA1"
"apps/robot_pc_system_4wis_dashboard/docs/command_and_safety.md","2888","7DD02A136EDCDC4BF3DA1115C69EDCB4531E46AB40B8FDFFB4839B63D14A26A0"
"apps/robot_pc_system_4wis_dashboard/docs/connection.md","2341","2AC256639454DC3AF4C0DCA387D88CE40BE0027E945787C1D0F262DD6CB93F99"
"apps/robot_pc_system_4wis_dashboard/docs/current_status_summary.md","1793","D66346FC21607BB705BFBF05269F036EFBCD267AA87E9AB98CB520F8EB5AF1FB"
"apps/robot_pc_system_4wis_dashboard/docs/desktop_app.md","3664","FF2FF366F14681F6A2B66431E279B5AA3343F0E478805610482D21F92ED0AC3A"
"apps/robot_pc_system_4wis_dashboard/docs/developer_notes.md","2607","66320AABE80A52F1E46302ED13167BF5315240F57227367047EEEA86F11B0D8A"
"apps/robot_pc_system_4wis_dashboard/docs/diagnostics.md","2495","05D04490FEDFA5FF00B11EA405718EC7139C7A725EEC4D9ED5860CC002647D2C"
"apps/robot_pc_system_4wis_dashboard/docs/encoder_connection.md","1013","22E2F67245662F53025D74DF959FE872F8FA8BE521C4E0809E1F3AA7C45EFF4A"
"apps/robot_pc_system_4wis_dashboard/docs/esp32_connection.md","6981","300C0B4FD75975C3E11FC40C177CFD216C6A0413B517A548B3AAA0E590607E9D"
"apps/robot_pc_system_4wis_dashboard/docs/f3rc2026_field_model.md","4960","69120FECF55AC45007BF8766E7308EA3576A8204DA976E2ED585ECAE01C59194"
"apps/robot_pc_system_4wis_dashboard/docs/field_objects.md","2295","809C1BC9CF778E6011D35D879F4E8FA570BCAFA8F2B28859D96F66303B375D95"
"apps/robot_pc_system_4wis_dashboard/docs/field_sensor_demo_test.md","1386","81241AF0FF1C6CF834704134585FD5D842C43F5134207BD1A7896C7C65C4146E"
"apps/robot_pc_system_4wis_dashboard/docs/firmware_editor.md","3955","81CF34BEEFFB015E184FA7322C19E40A798868569787E57A75A4A5D8EDB8A631"
"apps/robot_pc_system_4wis_dashboard/docs/fullscreen_ui.md","2848","DD888DA64FE48167CF0625B8A957A4FF91A068F0297F720DF6FA4E1B9FA51AA2"
"apps/robot_pc_system_4wis_dashboard/docs/hardware_check_logs.md","2698","77925F678C84B03A63B6A84E85CDE8DA0361AB44FA401A3D00FECCB64F0ECFA9"
"apps/robot_pc_system_4wis_dashboard/docs/hardware_integration_roadmap.md","1737","547F57F3DE83A6CF8C7E71995C32D169258B435358D1D2CA23DBF8A978BE60A7"
"apps/robot_pc_system_4wis_dashboard/docs/hardware_profile_editor.md","2985","BB45D83BF7697E2799F46C5BBC4D622103147D5B3289AE3EDC2193694BFD8BAE"
"apps/robot_pc_system_4wis_dashboard/docs/hardware_quick_check.md","4325","893A3CFDC99F666E833B9E757F4C7269F459CAB6D28B9DDD0FC7A0242B8AD67B"
"apps/robot_pc_system_4wis_dashboard/docs/how_to_use.md","17859","58633E6E3F1D51E982CE5443EDB20A04C58CEF94D249A5DBAE1831E0BD322030"
"apps/robot_pc_system_4wis_dashboard/docs/imu_gyro.md","2263","938AC443926F2147A8D5D7C202203AA040862C16FF573146AA08A4B424AB0A9D"
"apps/robot_pc_system_4wis_dashboard/docs/imu_inertial_position.md","1300","50434E552F61A0CF47909519EDFE710962A07E5D8BEED843A3C9D8C6B133FFAC"
"apps/robot_pc_system_4wis_dashboard/docs/lidar_connection.md","2642","D419C5F66F4E4D61E81A9D94B8794CC337BDA42763B38F021D8E132D8F22CBA8"
"apps/robot_pc_system_4wis_dashboard/docs/loading_and_feedback.md","1447","CF5186A416CEAB690A5CB4D445BB524D83C1B1D0B6751355858672BFB4654833"
"apps/robot_pc_system_4wis_dashboard/docs/member_share.md","2461","6F0E87D88EDF32CE1D23ED5C0B1BEF5A629DD28A451F337651132AD471D85F1C"
"apps/robot_pc_system_4wis_dashboard/docs/motor_driver_safety.md","952","380458E276856F6B0A52DBFFC12E8109FB3DCE01D5AC30B4D12C34E59CE5ED7F"
"apps/robot_pc_system_4wis_dashboard/docs/motor_driver.md","1534","01897566EBBB49B8665BDAA5DAA89F85FFD67076D70CC5675C3ADB10743B7E1E"
"apps/robot_pc_system_4wis_dashboard/docs/neopixel_test.md","1368","1B9A65C88A7E446CF08DC3A80A87903CC61F28A7DD6765068B63EA57762820B0"
"apps/robot_pc_system_4wis_dashboard/docs/optical_odometry_field_integration.md","3263","A2FA35A6314213E8F3091D27BE31C4F50228C6E355233003A2D7D1435B217F1A"
"apps/robot_pc_system_4wis_dashboard/docs/real_9axis_imu_test.md","2083","07CBFF1C2C8669898973D5769E81F3F40C625853BE431C022DCB5270A5B3D5DC"
"apps/robot_pc_system_4wis_dashboard/docs/real_imu_templates.md","924","503DD6F745030A91334B7AE10417D22734A3E377C56D3CDBBDE58AE07FB99C88"
"apps/robot_pc_system_4wis_dashboard/docs/real_lidar_templates.md","1468","71E9AA76011BCF152C20DE564A8705B7E8324D1EBE1BBAE469A92C50AE4B04EC"
"apps/robot_pc_system_4wis_dashboard/docs/sensor_test_sketches.md","5444","3D339374899846DAD095CF798A7CF16EB380460D6D16CD729F4758BD597C7848"
"apps/robot_pc_system_4wis_dashboard/docs/serial_monitor.md","4241","55C1EB86ABF7906A4F06819F37EB382651DD4007B8EAB7B3EE3430FA082DB940"
"apps/robot_pc_system_4wis_dashboard/docs/setup.md","2361","EFEC3A75E99D4610D1825C7F521AB24E5A196651CA53B88790F49A7D769F37B0"
"apps/robot_pc_system_4wis_dashboard/docs/simulation.md","4579","24B4B51BBD5362F32866916F80ECA086156785ED639E5A71E5B809198AB934D6"
"apps/robot_pc_system_4wis_dashboard/docs/test_field.md","2897","D73683B7752A85F4091407EFC891D3805B5AB84771AE949BFF35916A48A3463F"
"apps/robot_pc_system_4wis_dashboard/docs/ui_feature_split.md","5563","331CCC747D6E8BCE0DD1155F22F10E78B0A006D9EC757288E1C735BBBF654F44"
"apps/robot_pc_system_4wis_dashboard/docs/ui_layout.md","4252","65EB3A77C4F13D73E2E0343CE1E4EEA285A833D9B572DEC0CD35C48545926207"
"apps/robot_pc_system_4wis_dashboard/docs/usability_guide.md","4290","CA552458376A7E74728E7FEEB892A1E5A393F3E33FA678C5CE171C24B83DAFEA"
"apps/robot_pc_system_4wis_dashboard/ENVIRONMENT.md","2824","F9E1462C67CD632F2F1789ED792449704A40C400E030D713933654F87C8253AC"
"apps/robot_pc_system_4wis_dashboard/esp32/all_sensor_dummy_test/all_sensor_dummy_test.ino","1721","8687FDC7D193629585DFEECD0E02E69CA3A60C3518CA458355D6CADFFA64D22F"
"apps/robot_pc_system_4wis_dashboard/esp32/distance_sensor_test/distance_sensor_test.ino","1213","85333B1B55D7B32350E55A3B20690A4D09A1906815C602A24CC0450E5B5E5456"
"apps/robot_pc_system_4wis_dashboard/esp32/drive_controller/drive_controller.ino","3726","83EE070C8E6888755BACC8A7F725800F9EDE3FE594FE3D601AB0C1CD5FC2857C"
"apps/robot_pc_system_4wis_dashboard/esp32/drive_controller/imu_reader.cpp","2330","8F0199843DBF560E9CDEAC32CA5165B30346A6A785AD2037D6CF6CEDACE7F15C"
"apps/robot_pc_system_4wis_dashboard/esp32/drive_controller/imu_reader.h","286","E97A29AD75C7FDABF0D488229853B5217D5BB58024484EE50E223E1B5D5807F0"
"apps/robot_pc_system_4wis_dashboard/esp32/drive_controller/lidar_reader.cpp","1736","C016AFDC3651371C31EA74FA435DC5AAB28759194D560E91C7BD42FE34F965BE"
"apps/robot_pc_system_4wis_dashboard/esp32/drive_controller/lidar_reader.h","558","E3DD3778489F8FC5736C14EDB6447F2D057938461AC586ADD2AA097A774A0304"
"apps/robot_pc_system_4wis_dashboard/esp32/drive_controller/motor_driver.cpp","1581","0573C74E6DDB8FF872BCF70B8B561162845457C7D1023E69E2B4CEE4446A2D4A"
"apps/robot_pc_system_4wis_dashboard/esp32/drive_controller/motor_driver.h","190","F1216B4EB89FA93BE3727CC5D5EF85DB09EF67D543A09EE4C2F3A04A1760930A"
"apps/robot_pc_system_4wis_dashboard/esp32/encoder_test/encoder_test.ino","1401","0C2BB3E7E0EE3C2B693F984FCA2E213A3E9ED63271B7E2B3522995737FC99A46"
"apps/robot_pc_system_4wis_dashboard/esp32/field_sensor_demo_test/field_sensor_demo_test.ino","2595","15BC7798F783C28839B052F30642A9881276E96EDF93145E680A84EA05782E21"
"apps/robot_pc_system_4wis_dashboard/esp32/imu_9axis_test/imu_9axis_test.ino","5649","23D87395F1D8A534E16722CA23AAEF01B4DFBF76519C8FC16085860B1C3BF6A6"
"apps/robot_pc_system_4wis_dashboard/esp32/lidar_uart_test/lidar_uart_test.ino","1261","03DD3249ED45F03DB6A7C3A9056BB551F7C534B3806EB36EE6A873E0D199342F"
"apps/robot_pc_system_4wis_dashboard/esp32/line_color_sensor_test/line_color_sensor_test.ino","1190","DEF8CBBA8FEF3E9B1AE546C699E61A0D9687ADC20016A4CAF6491345FD7EE874"
"apps/robot_pc_system_4wis_dashboard/esp32/lsb_sensor_node/lsb_sensor_node.ino","8425","CD87AEF14D9DA94E4CCDCD0943BB8C6C655B8DFFDB598F00B6F444FFC6924F07"
"apps/robot_pc_system_4wis_dashboard/esp32/motor_controller.ino","1860","818144E153B24E45253D71C7708C7037A9DF3C464E371FF511E49EEF8D8090EF"
"apps/robot_pc_system_4wis_dashboard/esp32/neopixel_test/neopixel_test.ino","2176","84F04C1C13D2B3182933EBC1C31256163380DDF085B1BDE05AA7DED6BFDF8E7D"
"apps/robot_pc_system_4wis_dashboard/esp32/optical_field_reflect_example/optical_field_reflect_example.ino","2769","045770E022225F5F16567C9B57B2E09E33DFA186D5816C99B23312464EAEEAE4"
"apps/robot_pc_system_4wis_dashboard/esp32/optical_odometry_test/optical_odometry_test.ino","9233","C90CABD452D613A63264F9E473E00CF598CE6015BBCDE34BA4684D8008149A2E"
"apps/robot_pc_system_4wis_dashboard/esp32/README.md","3308","20E2C6C624842DC32972673A559E3857F2F7BDA730D824D16B5EE61F572ABF19"
"apps/robot_pc_system_4wis_dashboard/esp32/serial_echo_test/serial_echo_test.ino","894","ED6539F35920701AFE7AEE58C14A4F7CD116E7229EDE873BB795DB6B745ACE8A"
"apps/robot_pc_system_4wis_dashboard/examples/arduino_compile_upload_check.py","2651","1F4A8C00502317244CFA162A6F57C1018C164ACFF75314974DEF7914FCD38526"
"apps/robot_pc_system_4wis_dashboard/examples/check_hardware_profile.py","1014","EB783EE7C0441FC1FE28A4C34F6E04F9BF2147519AD3CB56D0B167E76F7B6422"
"apps/robot_pc_system_4wis_dashboard/examples/config_examples/config_mock_only.yaml","587","1BCC1274F6FE4C9CEFE55F62167230A7C9B2BAD13BE2A8BBBA470007C6A16ACA"
"apps/robot_pc_system_4wis_dashboard/examples/config_examples/config_real_usb_example.yaml","902","19C627150C86BAA184C3880A9E73DF30DB22D330B61A0802C96D468E64A8A086"
"apps/robot_pc_system_4wis_dashboard/examples/config_examples/config_simulation.yaml","762","A9AB2BA54455609C0E1263EF8736F69621C7C8619E1771A47068F871EABBC15D"
"apps/robot_pc_system_4wis_dashboard/examples/esp32_first_connection_test.py","3956","6675CB1A3F46AFBB66D4E28C5B9B47079351823B7B8988FCD2CE74752E872C5E"
"apps/robot_pc_system_4wis_dashboard/examples/mock_sensor_preview.py","1258","CFD04F06D5F0DC72BD887918CC21CE04699B63E5F2ED16BEE40769B2796E1320"
"apps/robot_pc_system_4wis_dashboard/examples/quick_hardware_check.py","8762","EA4F5443C9F4B8A1C301F36FDF479897EFD2E7346BEE5DABFD813B55A977CB0E"
"apps/robot_pc_system_4wis_dashboard/examples/read_serial_status.py","1132","E3EC36ED1DD893D2330D2BF2484A7D34D997B68D683F880C56CE9DA1A71678F2"
"apps/robot_pc_system_4wis_dashboard/examples/run_diagnostics.py","521","41E9B162CA8E2B2EF387B95F6E513279BD933EF8591719607271FCE4B7CDC348"
"apps/robot_pc_system_4wis_dashboard/examples/send_drive_commands.py","1292","DB65612AB0BFC87F121B7824C45E1D2224206E80310C086614EC4BF2F8DB922D"
"apps/robot_pc_system_4wis_dashboard/examples/simple_serial_monitor.py","2045","FD69E78E5C9AE42BE7A8B1055360AEC986B1A8E9DE9C79DE3A43E45CCCC462F3"
"apps/robot_pc_system_4wis_dashboard/examples/test_arduino_ide_widget_import.py","2229","812728FE9CDA0A253288B9F7B72C5252D6668E93B47B6DF8FEA48AF89A0AE5F3"
"apps/robot_pc_system_4wis_dashboard/examples/test_auto_controller.py","1795","03D5FC4D6F4DF97647412CDCEF349B8B29C20D3339BC6C9C573BBDA2A839C5D9"
"apps/robot_pc_system_4wis_dashboard/examples/test_command_layer.py","1542","1C296F0C7E66AAAF6109D9CDBE370F74F34D4281BF20041071F630DCF637CFCF"
"apps/robot_pc_system_4wis_dashboard/examples/test_esp_port_selector.py","1808","90D516954A50D20156E63FE9C36628BD6BB83DBF4D592B5A540EC01CCFC75F02"
"apps/robot_pc_system_4wis_dashboard/examples/test_field_model.py","3141","2F67C5462212DBEE24864C41324EE2C4F834D1C69F3080221D6E5B46A1966D53"
"apps/robot_pc_system_4wis_dashboard/examples/test_field_objects.py","3403","BAC5BE923BB373DB288DC55546E9B66990642AB0658FBCE7861CA6D2D41CF05D"
"apps/robot_pc_system_4wis_dashboard/examples/test_firmware_safety_scan.py","1286","E2ABA5D8A50ADBB6A0824DCF3130DEABA23FAE2128C674D2D7E3FD5EFFC49193"
"apps/robot_pc_system_4wis_dashboard/examples/test_hardware_check_logger.py","1461","2D3B2187AAB755059C5A53785E3A6E23F09089870A178EB1E24F5EFF065BB6F7"
"apps/robot_pc_system_4wis_dashboard/examples/test_imu_inertial_estimator.py","1077","F3054F9B97709AAF8658291619A84FAD5ACCA9B5B6DE032B08D12D88FDE4EF0A"
"apps/robot_pc_system_4wis_dashboard/examples/test_no_signal_display.py","3242","DA35493AB828E83CDA625238676972195A9952C7674A3F7CDB0E112003D7CB6C"
"apps/robot_pc_system_4wis_dashboard/examples/test_optical_odometry_integration.py","2808","BE85AB538740440848E8D87D1D9D5275AB456924A9EBFC26668004C1866D2917"
"apps/robot_pc_system_4wis_dashboard/examples/test_port_detector.py","745","9DD1CA858DA81B6A02F1FE964FDB982063066B4805281E2451242E7FC5872974"
"apps/robot_pc_system_4wis_dashboard/examples/test_serial_connection.py","1392","F41A31F7E5FE317BB7634BD7971BC711BF11E2502221F7B3E59DC3BAF0AD0CC6"
"apps/robot_pc_system_4wis_dashboard/examples/test_serial_sensor_parser.py","9845","C4362607E326138F3EAE7DDE685E0E929962DBB208B7E934BE37173E83ED11D4"
"apps/robot_pc_system_4wis_dashboard/examples/test_simulation_reset.py","1718","913B320E25A6E269F8DE2B0C209E9F89E454D83CA05E68C9819816F42D3FBBBC"
"apps/robot_pc_system_4wis_dashboard/examples/test_simulation.py","1798","0B8506AF4256146F24B90C9DC42C83E9378FC665774B830326ED9544CE232BD9"
"apps/robot_pc_system_4wis_dashboard/examples/test_virtual_lidar.py","2000","4F72C9981E1FAD00821890F3B7283648B4944270412D751FE1DB36D5E1FFCDD4"
"apps/robot_pc_system_4wis_dashboard/FOUR_WHEEL_STEER.md","2510","D063CABE22F3C3D577D3AB76A5A7A34C39E5383EBE7FA27E042091B6F9894953"
"apps/robot_pc_system_4wis_dashboard/INTEGRATION.md","2422","99422143C040C56ACE62F04F06CEBAC0968775B284280650E8F9D6687218C961"
"apps/robot_pc_system_4wis_dashboard/pc/arduino_tools/__init__.py","1016","A4BA03D0CC61638BDA50A2413E2A4485D548A3BADF17202E83454E08484A4097"
"apps/robot_pc_system_4wis_dashboard/pc/arduino_tools/arduino_cli_runner.py","5353","5E73B2655DA2ECD15DCEC983197ADD7994094A8B747298B4D9A17FCB836133B9"
"apps/robot_pc_system_4wis_dashboard/pc/arduino_tools/esp_port_selector.py","2445","F5893ACE10FD0EC5B49B44CEF50448AFAF8A8DE177D94BFD433E136CDDCDC0F5"
"apps/robot_pc_system_4wis_dashboard/pc/arduino_tools/firmware_safety_scan.py","1255","AF2302633610E70E5E8288442C67D021E6D80EC4935EDFC12ED3F553C51346A3"
"apps/robot_pc_system_4wis_dashboard/pc/camera_module.py","2732","BC1B767616A603A20617CA0D31ED6A6DBAC8A26A2052D414E8A64A8C6C91D901"
"apps/robot_pc_system_4wis_dashboard/pc/config_loader.py","907","A45FB6BB5C2EF34C181B0C581610141892E1419D87DC0E2193F2D0C753482C10"
"apps/robot_pc_system_4wis_dashboard/pc/config.yaml","2228","3F0917391D9BA3F66F848327D8347E4B8D3CDC6B302E15A3120AFD17104157F4"
"apps/robot_pc_system_4wis_dashboard/pc/connection/__init__.py","413","9270168C3342A84D6E7058C6AA928D6F7A0CCFB5A138D4F9E6E40C03C1F80CAE"
"apps/robot_pc_system_4wis_dashboard/pc/connection/connection_manager.py","3323","FD6FC7223DE3B0F83F406121FD7204F8AD28A5ACD77D45C9ACC75E60934EE7AD"
"apps/robot_pc_system_4wis_dashboard/pc/connection/connection_result.py","970","416748A5F841D8023BC5155AD538A41A920CB31402C5819AEBAAD6A92F428E7C"
"apps/robot_pc_system_4wis_dashboard/pc/connection/port_detector.py","1002","7975057CFA700C3212AE94EF4FE23BDBC5D53688318039D40E36F2230DD23D80"
"apps/robot_pc_system_4wis_dashboard/pc/connection/serial_connection.py","5501","CA4745F8A388ADAFCA855DC0740A5500B37FC52178A92CB46737E469D32C01C2"
"apps/robot_pc_system_4wis_dashboard/pc/control/__init__.py","743","F90EA7F105DEBA744FAAC7BFB751B857B62F510B85E8AB6E09332C97C3AE8646"
"apps/robot_pc_system_4wis_dashboard/pc/control/auto_controller.py","3427","2D46B168B65BA41B6DE72E932953EF9EC0BE154E8761F0DF7FCE8EE14B2F0E5C"
"apps/robot_pc_system_4wis_dashboard/pc/control/command_history.py","1068","F0139A310DA3B5342A2AD1DEECB6783CA86C30E510453F22168D14050818A7CA"
"apps/robot_pc_system_4wis_dashboard/pc/control/command_sender.py","1461","F1DEF183E675FF174B948E2A3EDD145818470D6CC721CA308F429FBC5F394D59"
"apps/robot_pc_system_4wis_dashboard/pc/control/robot_command.py","3298","CC504CF156E73F90CE686E211CECD41C2397124FD822A6F4403B2217DD00349B"
"apps/robot_pc_system_4wis_dashboard/pc/control/safety_layer.py","2837","7A68F663DAEA384AD1571690F55227E7D71C658C0ABFE9F6E7AE99D3228470AE"
"apps/robot_pc_system_4wis_dashboard/pc/diagnostics/__init__.py","114","0FFC7333C7FBC8F2E3E6FB40B866F72E6248A14573BE8D58B0CF7D0577C25528"
"apps/robot_pc_system_4wis_dashboard/pc/diagnostics/camera_check.py","2068","9690A1A11900AD67CA282B8F2ABAC9B61B0EDE6C32C2E1302C6952906B752D97"
"apps/robot_pc_system_4wis_dashboard/pc/diagnostics/diagnostics_report.py","2236","03917195BD24C36255119E5E114D98735A130EAAD6FC6AF90AFFD847D39DF0E7"
"apps/robot_pc_system_4wis_dashboard/pc/diagnostics/environment_check.py","814","ADD55A0CC20DAEE1FA0B5A9CAF68CAE988CE596F925E22A1F46F347FA3EF3AD7"
"apps/robot_pc_system_4wis_dashboard/pc/diagnostics/serial_port_check.py","649","85AF5BA048759F572625488061C0A7B82936DEC08C6ACE570DD74A0D2751EE1E"
"apps/robot_pc_system_4wis_dashboard/pc/fake_v29_esp32.py","6330","08328E70A6BEADA0668424DC06C599891B3A6242F5B5EA65A8D17D4FE9309AF3"
"apps/robot_pc_system_4wis_dashboard/pc/field/__init__.py","288","B0D08624A288503F83A252CF948CFB3AE5E7A74C7337FAE00557801D316EC2B3"
"apps/robot_pc_system_4wis_dashboard/pc/field/field_model.py","18264","55C6ADA34D1B218901451DC4FC325B9E6E5982B4BE3EF48868E6A3778F47FAE8"
"apps/robot_pc_system_4wis_dashboard/pc/field/field_renderer.py","12605","3385A20167C12C183A2E75A750FAAE548EF4384C47B501768CBFFDF71C20248C"
"apps/robot_pc_system_4wis_dashboard/pc/four_wheel_motion_check.py","13773","44338AC290C1058C58C617F3A1183440DBBCC1263067DA8F7E4962E99E3B789B"
"apps/robot_pc_system_4wis_dashboard/pc/four_wheel_steer_model.py","9769","02270C64D579BE2289FEBCC9C0F6443F8F5AD4D281ABC9533C5A308F3ACE50C7"
"apps/robot_pc_system_4wis_dashboard/pc/hardware_check/__init__.py","172","CB2D3CA0F037E3FDB3328A7E31B76ED5339D5DE7BE24ECF4981858D05DC13718"
"apps/robot_pc_system_4wis_dashboard/pc/hardware_check/hardware_check_logger.py","1304","0F4E9EE6816E9D9CF0D6FC7C98103E8CAB74531CB6270E8138B01834CC0C3D76"
"apps/robot_pc_system_4wis_dashboard/pc/hardware_check/hardware_check_result.py","3910","02414DEADC79184A35C88D86594841E16B5813BB682AE7DB8B879AE2BC595F87"
"apps/robot_pc_system_4wis_dashboard/pc/hardware_profile/__init__.py","536","CE9C49C082FEE8900BC5F2734195CE28FFC1E23264EF4F0723C5D9B305FC7687"
"apps/robot_pc_system_4wis_dashboard/pc/hardware_profile/hardware_profile.py","9912","E55F583771BC4A76CB4B74F89DE7C7EB52D5041B21E420E988E3CFEDA7FD2F95"
"apps/robot_pc_system_4wis_dashboard/pc/hardware_profile/wiring_report.py","6944","90C0C526A6F8C62A5EC94A845407C3C35BCB64E175D2791EAB1AF65E2A860C44"
"apps/robot_pc_system_4wis_dashboard/pc/logger.py","2752","2D208FE1B0836F3AFD9F54390BABC5403EE5773F3757DDEEAF3D16853249D008"
"apps/robot_pc_system_4wis_dashboard/pc/main_ui.py","230083","42327772BA7E5BCEB13429345B0A9602717A89487DA9E7FCB51CC4B775413671"
"apps/robot_pc_system_4wis_dashboard/pc/mock_sensors.py","5198","494323D3AE34948BC2C77D8581FC5EBDD15A12CD76549DA876EA8C83402A9C15"
"apps/robot_pc_system_4wis_dashboard/pc/noise_eval.py","25645","BC02F783286F72C0A2CAEB3DEF7245AEAA357AD7778E6AFACB7F18A9AADFEE24"
"apps/robot_pc_system_4wis_dashboard/pc/odometry/__init__.py","74","96A083C6225428C2C8781B41574A89027687529E247C4BFEC6BEBEC77F36BB54"
"apps/robot_pc_system_4wis_dashboard/pc/odometry/odometry_state.py","452","795EC7253B03D0142177D46394E2F4437DDF2C963F50A119B4FE055C08D8E522"
"apps/robot_pc_system_4wis_dashboard/pc/real_dashboard_main.py","5231","181E593BC6BD626CE05C844036865183F07DE0CED48E8A13B57F4C470675255E"
"apps/robot_pc_system_4wis_dashboard/pc/sensor_fusion.py","618","DDF5501C65DC26B885D648C9B4AA954FD19A8BF59FAED53DAB2BB7490AADC9BE"
"apps/robot_pc_system_4wis_dashboard/pc/sensors/__init__.py","799","35D42C9478671FE4DD58A1FD904977CF4484443BD03E0773A9BA3BF144A320C1"
"apps/robot_pc_system_4wis_dashboard/pc/sensors/imu_inertial_estimator.py","2940","06C8363D0EDCF167B8276CAD2829383051B23154CEB5B3976B9306D270B942D5"
"apps/robot_pc_system_4wis_dashboard/pc/sensors/imu_state.py","21640","73D7F4D031625EB8EF4CC7113008A62678F56CA4CCC69E04DF6BA43C67F13432"
"apps/robot_pc_system_4wis_dashboard/pc/sensors/optical_odometry_state.py","7968","1A28961D5E3630F130DA516862EB8E3A8658351C72090E0987802B37CE0E6DD7"
"apps/robot_pc_system_4wis_dashboard/pc/sensors/sensor_state.py","2417","1249CB5177BDFCFC7DC3A04433F7DB9BF668EF961D6C79D6C97D98B595BEB62E"
"apps/robot_pc_system_4wis_dashboard/pc/sensors/serial_sensor_parser.py","6965","3B5BDC25CDBDE67B77007DF323B345548D6C9110FE6EDBA37941D0EACC4A6022"
"apps/robot_pc_system_4wis_dashboard/pc/serial_comm.py","3787","3CF62A615C32EAF9F47DEEA31565692C056838DBEAD279D4B994F9526B9CE8DB"
"apps/robot_pc_system_4wis_dashboard/pc/shared_dashboard_main.py","3505","5FEF2477F4C10CD56320D47ED5E194AB92DDB05BE21D5F649291825249F6426C"
"apps/robot_pc_system_4wis_dashboard/pc/shared_runtime_binding.py","4225","E67A44D9CC9002BFCD5830B42C16039B312C3017EA3FF7D27C47F8B2A3242971"
"apps/robot_pc_system_4wis_dashboard/pc/simulation_controller.py","6064","F6EE057DA460B5663BDD448639E533932DD740AB45D19F6238C5595904AE10A5"
"apps/robot_pc_system_4wis_dashboard/pc/simulation/__init__.py","391","FF4563A5B084158D8FE3E3A5390291CD30C7E9ADB8B5E9BBC4D76CAE0E29B300"
"apps/robot_pc_system_4wis_dashboard/pc/simulation/field_model.py","1870","2C46CFAB34EB97B7E57C19BDE7DB388D527CED6A1F8D42FA117E6EC07D3A8046"
"apps/robot_pc_system_4wis_dashboard/pc/simulation/obstacle_model.py","1343","ECE502E51AF717D5CC401C03357B5FA49AD5FED212DCB266C50177E5361FC524"
"apps/robot_pc_system_4wis_dashboard/pc/simulation/robot_simulator.py","9813","63312A3876B595BAF932036137F4623CA4FCA8E69A5C07A6A8A761FE7C1FA117"
"apps/robot_pc_system_4wis_dashboard/pc/simulation/simulation_state.py","706","1684ACC0E41B31369C177E4F4F698614B9501C06C89256A1DD8FBF70D2D54779"
"apps/robot_pc_system_4wis_dashboard/pc/simulation/virtual_lidar.py","1510","4935CEB9998DBAC3790FAF04FB4CF424EEE96C11B1F2430ECB081CCB83F7FE28"
"apps/robot_pc_system_4wis_dashboard/pc/sound_manager.py","14627","8D95CD384D47E3AF4ABE3344CD25CD6E1B7FB12B2F0CD1C06528B1B531B10929"
"apps/robot_pc_system_4wis_dashboard/pc/steer_view_geometry.py","296","90213E717AE70847B5B05A05EE1891052E50766D8F6E87CB826A485DFDD69BC6"
"apps/robot_pc_system_4wis_dashboard/pc/v29_drive_adapter.py","25096","9DC1E24DAEBD0C57294D0AFA412B37CE348372921F8D879F42B126BF852F7746"
"apps/robot_pc_system_4wis_dashboard/pc/v29_send_inspection.py","3375","A172909293DAE4FD10469CB74001F00A358B8AA041097B96A6A492D621699582"
"apps/robot_pc_system_4wis_dashboard/pc/widgets/arduino_ide_widget.py","59005","989FB8E6C4FF55704C90889A555EB9890460E93D9E4BBC353DDBCEF8797D530A"
"apps/robot_pc_system_4wis_dashboard/pc/widgets/arduino_upload_widget.py","38228","6B7CF31286261440B6CC73EB89B12890BD329488947938728D400FEDFC4E7918"
"apps/robot_pc_system_4wis_dashboard/pc/widgets/autonomy_widget.py","11087","E13EAA9DE9EB0209C8F0A4755D57D57848CD5BE0925234F07ECE95BA6D235CE9"
"apps/robot_pc_system_4wis_dashboard/pc/widgets/calibration_diagnostic_widget.py","59261","3E0CBF86FCC78D1605C2AB07567BFEE34E4698E6D3A4F3F6D64DEBA96F6B7F48"
"apps/robot_pc_system_4wis_dashboard/pc/widgets/camera_widget.py","1212","E121E9FE10CC86FA1B12D14E9BF55454356EEC4C3E81EBB1C29CA0490AA52C48"
"apps/robot_pc_system_4wis_dashboard/pc/widgets/command_center_style.py","12759","854D4F82D392882B6FC055FDC9947F4C60574B5EBF2BF74613B2B80B11660812"
"apps/robot_pc_system_4wis_dashboard/pc/widgets/control_panel.py","2841","DCC8489FF584666821954DFC9B7F5BFA544AAD3AB893D1EB9D7761023093072C"
"apps/robot_pc_system_4wis_dashboard/pc/widgets/diagnostics_widget.py","2090","715441799622E3D5A74F2EB3D9D8E14A8290C3D0AB93836840A9A8C9466F88C8"
"apps/robot_pc_system_4wis_dashboard/pc/widgets/document_links_widget.py","2245","06D2A94A0360F0ADCF47C8F51B8D500A3EF62956CB3C60C09A5220476104C3D5"
"apps/robot_pc_system_4wis_dashboard/pc/widgets/drive_control_widget.py","1085","DF3D71D5D96BF24C8BEBB34AFCBC7A7E7A1AF5253B50857B2FACDAE9747BD61C"
"apps/robot_pc_system_4wis_dashboard/pc/widgets/drive_diagnostic_widget.py","18661","E90663A5A39E84D01F1B119E90C723032D588C9583C3CADC1FDBE7C3B013F4F2"
"apps/robot_pc_system_4wis_dashboard/pc/widgets/encoder_widget.py","135","F3B8851BA8C1120F495D9FA0EEC159B03A018CF21BC1806C7976FF4EC2F95D16"
"apps/robot_pc_system_4wis_dashboard/pc/widgets/esp32_connection_widget.py","1943","8275F708E577E05C682353FB42F38303238C1A44997685417C4226BDE38169FE"
"apps/robot_pc_system_4wis_dashboard/pc/widgets/fault_history_widget.py","11666","6A9934A21FB070007EDFEDCF0B9CFF85C7BD22C4842F60B924481BA1CA1AE73F"
"apps/robot_pc_system_4wis_dashboard/pc/widgets/firmware_editor_widget.py","22662","85EE8C5C4425923F5A4BC21860F652F5179DB2A948CDA47BB68B700138EFF0A4"
"apps/robot_pc_system_4wis_dashboard/pc/widgets/four_wheel_steer_widget.py","64683","59F29FFC0FBE8E122FC66F4AA7D5FE32BF547B2C08519C9E80BE558A190252B3"
"apps/robot_pc_system_4wis_dashboard/pc/widgets/hardware_profile_editor_widget.py","12816","F0E8307A53757BBDD4E1F98F790D26979F0A6FABDC2FEC59518AA72811ADE3D8"
"apps/robot_pc_system_4wis_dashboard/pc/widgets/hardware_profile_widget.py","5980","C4C048464AE2FCF86095BF0C96B381FD564B3EC4A35528C9A7300967BD3B17ED"
"apps/robot_pc_system_4wis_dashboard/pc/widgets/hardware_quick_check_widget.py","2627","BC7D2D2D7FDBF6EA302795A8C46713A6335D00F2BBA21B27262FA528407D46EC"
"apps/robot_pc_system_4wis_dashboard/pc/widgets/header_status_widget.py","1485","0AD6022A4775B1A79567B9943704935803F316C160076196E00EC206406A1C75"
"apps/robot_pc_system_4wis_dashboard/pc/widgets/home_overview_widget.py","6870","BCED74A6957D57E114FA6044CC224A50EDCE2304D1B2636FFC299F32FA79DCC1"
"apps/robot_pc_system_4wis_dashboard/pc/widgets/imu_widget.py","123","A0A8A4642D197E23922B56F12FEC46FA8279278DBFA719504A2010E5F6C898EB"
"apps/robot_pc_system_4wis_dashboard/pc/widgets/lidar_widget.py","125","30C9D570A04750885441C3C6400826E0CA95F8913EE1012C8605B24E1C74BFB3"
"apps/robot_pc_system_4wis_dashboard/pc/widgets/log_viewer_widget.py","3630","9874169A8AE71629E306464DB8238D920AE0EC3EABC329480E59070474106AC1"
"apps/robot_pc_system_4wis_dashboard/pc/widgets/logs_widget.py","9685","41FFAB74E574A8397020AD048DA7A6EECDD238D02EB2933AE57119405B0C3D0D"
"apps/robot_pc_system_4wis_dashboard/pc/widgets/lsb_sensor_board_widget.py","20666","B55D8228606871CE1C280B64DD9C3E786E36CF2A0B9D50896DF2F34A284A3776"
"apps/robot_pc_system_4wis_dashboard/pc/widgets/main_dashboard_widget.py","21474","AFFECEFB9B48871D395F90BA14161686B5F0F4009539169A0C967020918BE40E"
"apps/robot_pc_system_4wis_dashboard/pc/widgets/map_widget.py","4460","C2C23C9D863320F966A672E40D5FE105EDA4D5A44DD7E76502F3A80F886F13F8"
"apps/robot_pc_system_4wis_dashboard/pc/widgets/mechanism_diagnostic_widget.py","11747","F58E590BBD20E75FBFD07CE05D9AB1113D2A4C2EDD8514C3044A9CB2B0905066"
"apps/robot_pc_system_4wis_dashboard/pc/widgets/motor_status_widget.py","711","54B055D5C2B6AEC9BFDBE118FFD1BA7CE32016FA3B5051922571558FF39A452F"
"apps/robot_pc_system_4wis_dashboard/pc/widgets/noise_test_widget.py","12469","12CAE0487DDAB47BA3130DB33F2D2FD2C062B62D9EA7AA4326B83657EC99BF65"
"apps/robot_pc_system_4wis_dashboard/pc/widgets/real_hardware_settings_widget.py","35012","CE3D3F958D3A0C1ED4F56233CD0FFA4E0ADEBD39705B37B0012C682A1336A1AC"
"apps/robot_pc_system_4wis_dashboard/pc/widgets/real_machine_overview_widget.py","4299","7A3B146A5AAABA2E5DA0844C174488AB181FEF332F7D6C8DE9B98CE056D77773"
"apps/robot_pc_system_4wis_dashboard/pc/widgets/replay_widget.py","13564","6D1CABF2A0D688A0398355DC13012A151E4CCF70315491E6732D122F4645D846"
"apps/robot_pc_system_4wis_dashboard/pc/widgets/safety_checklist_widget.py","1408","BCF70B17EE6E62871F86EDE1CED5B899D355ED25CA8BB18A27E21A231F32EEDB"
"apps/robot_pc_system_4wis_dashboard/pc/widgets/sensor_diagnostic_widget.py","13328","2FA9E61EA75B33B5C924926126CCC388E8BEC68CEA45AD3071647CB65CFE67D4"
"apps/robot_pc_system_4wis_dashboard/pc/widgets/sensor_overview_widget.py","3275","7590A74C1260CF65A665D8492B584FDDAD5B512D7BB7A4070F4DC043096C9C0D"
"apps/robot_pc_system_4wis_dashboard/pc/widgets/sensor_panel.py","7844","AA102CAABCDC22AC57A8D18254DD74FB5BEB29C2C3BEF165DA2FAE98AA110B62"
"apps/robot_pc_system_4wis_dashboard/pc/widgets/serial_monitor_widget.py","29798","BEAE1E94EDA68EBF07AF175822B82E2BC3DCD153DFCF4CF92463FCF1DADFAF6D"
"apps/robot_pc_system_4wis_dashboard/pc/widgets/simulation_overview_widget.py","938","EDC90DAEF7CF28A7F0890D0519B47953B7261DCBA57B14C433ED780BF1EE8BCD"
"apps/robot_pc_system_4wis_dashboard/pc/widgets/sound_settings_widget.py","6273","F9A52EAAF7520058972C955A309E41C1A640D6A9DCA184C4A882FE68ED681BD1"
"apps/robot_pc_system_4wis_dashboard/pc/widgets/status_panel.py","3841","4CC451860D5FCE00CB6486411206961696A2449066EE1C14CC2650501D1E9DDA"
"apps/robot_pc_system_4wis_dashboard/pc/widgets/test_field_widget.py","59024","283B9E933530099BF5F370414D4FB30E652301E361E167ABB4DCFDC3D5EA9EB1"
"apps/robot_pc_system_4wis_dashboard/pc/widgets/ui_feedback.py","2706","E13F010EAEF876E7D404620172C81DA3746BB5560B1B1944A977E851E269AF95"
"apps/robot_pc_system_4wis_dashboard/pc/widgets/ui_helpers.py","5066","391FFA4788D3C2C4403B258CA239F7C5F645A7739FF2B2C8892B73C3A60DF2B0"
"apps/robot_pc_system_4wis_dashboard/README.md","20293","7DDDAFE121384AB04C537F0CD32EB3ACC36386417E22432905D661587C1F0880"
"apps/robot_pc_system_4wis_dashboard/requirements.txt","96","72466E0B63F7FEAD424CEEF70A7409BF16032DB10AE8A1CDF603729C7E64C0E3"
"apps/robot_pc_system_4wis_dashboard/tools/arduino_cli_guide.md","2909","55C5DCC3591BB0A5B59F536E0B66CEAF17B3D939B1F3F6633CC384C4427F4B67"
"apps/robot_pc_system_4wis_dashboard/tools/check_arduino_cli.bat","1775","7DAF8ACDB6C9FE9F79A078C7AF83B12186EB12411BF593BE16D0E4C6B7A63A83"
"apps/robot_pc_system_4wis_dashboard/tools/check_environment.bat","1683","A582D7B37E84433F6331F1406C29205C2E59BF60083D7E5A045BE9A42AA1C8A7"
"apps/robot_pc_system_4wis_dashboard/tools/check_startup.bat","1666","04CB14875F7F458AC8E3395B42D3A3A4F36324CFF02DBEA379231C9B57726EF3"
"apps/robot_pc_system_4wis_dashboard/tools/clean_cache.bat","1174","101CD1AFDD6FCD478822C11F5B81FE56E29C189201DF8BEE93C56BBF29E6974D"
"apps/robot_pc_system_4wis_dashboard/tools/compile_esp32_drive.bat","1870","08B90A17D02023ACEC16378311F98C9E10D73EA0F064A9F99B9A4A183659AB03"
"apps/robot_pc_system_4wis_dashboard/tools/create_desktop_shortcut.bat","606","24924A0F99181C15DFF8D88D890310B6DA7C89D8BC08BC2C28BBFCBD0E4D468D"
"apps/robot_pc_system_4wis_dashboard/tools/create_desktop_shortcut.ps1","1892","BAA1B6C65FFBDEBF74676162B6E1B6C07C7F6A86067CBAF04D36140375C80EF7"
"apps/robot_pc_system_4wis_dashboard/tools/list_ports.bat","1001","07696332307FCE5FBCB24CA29E1FD9CEA122D44010E587368286156D44A1C3C0"
"apps/robot_pc_system_4wis_dashboard/tools/log_viewer.py","1990","B1299E08394921EFF49F62813FD9CB486DC15758ED3E0E66A83D11DBD77211FB"
"apps/robot_pc_system_4wis_dashboard/tools/make_icon.py","931","DD6CE539F32C43AC96E7164F6574DF515CF0A73AF9FF09FB2B472E5D9F210AD0"
"apps/robot_pc_system_4wis_dashboard/tools/README.md","3582","ABF491C1ECA203671AF5EA2B4C930B5BE08FB0A9BF7C0D5D8809399D55FCE85F"
"apps/robot_pc_system_4wis_dashboard/tools/run_dashboard_silent.vbs","922","CC358A9B341C345875F52A0414DFF21B953DF1820EC554481B5D67819BB5B84C"
"apps/robot_pc_system_4wis_dashboard/tools/run_dashboard.bat","1250","A7D106597236267A560159440AB3BFE626DDBDC75DAB4CC4835E0CC997196AEE"
"apps/robot_pc_system_4wis_dashboard/tools/serial_monitor_esp32.bat","1288","BE2EA296489518225E2D8E55FBDF19F2F9022A9A00C538EBE009B06E14512D33"
"apps/robot_pc_system_4wis_dashboard/tools/setup_arduino_cli.bat","1551","CDFE8B4E95F2CC8306B2B946E7E796908CAFDDEAC568EF3A4A2261346D988C8A"
"apps/robot_pc_system_4wis_dashboard/tools/setup_windows.bat","1671","266EEF3F8853BB5A27A7E76F3ABBA397C824FAB27727E57B9C44D353B7EB91B3"
"apps/robot_pc_system_4wis_dashboard/tools/upload_esp32_drive.bat","2311","5DCBD2E12BF9703BCA55B8849144C6F32606EA38E740AFAB6CCF21E09F27C5BB"
"config/controller_mapping.json","490","50203C567D2465F17AB18A0E12A19C2D6C0F2B10E9223B874A485315CD254D11"
"config/node_manifest.json","139","024520191573A45C085630685A5BE4B03014164A5EFC9F4202EE79BC626A7F76"
"config/vehicle_config.json","5094","7C5E867F5CB3F00C4D47BFADC57CF2850387BAA5F569C86091571A143F236074"
"docs/autonomy_state_machine.md","4021","3817C92EB157A20EC5E7681E263B4B3588912941C2E1AA023AE5F9E909EB2174"
"docs/competition_mode.md","4528","F93C1F7FDAA328717AD4EEBF6C7A22097458D698EA8473A8AAE321217E1B44E7"
"docs/f3rc_field_source_audit.md","7994","C252650BF5AAEED2797E7812A85B5777FCAFD76C7BD8BDC06A6A3712463C36AC"
"docs/fake_robot.md","8919","AAEDCB0DBC1EF91F093BFC5826B7468F03B9CE9039B82AEAF7B2055CE3EFBA53"
"docs/gui_architecture.md","32562","A6DCFEDB823E2A03AEBCC794017878783A0F2ED18DB3AE3295B34FAD20BA83C7"
"docs/gui_command_center_feature_matrix.md","5681","5310B635A0B7136854A22E3A9C561CFF23900F11ED1477436E603EE2B4C4AECB"
"docs/project-map.md","3413","D2BEC36DBF12A9C8613407EF812B874B4A8024D8430D25B55F16CCDF57E5DA67"
"docs/r2_new_gui_first_motion.md","4226","5E412DA8EDA7674888CD75C6828102BD0D236FC0D3F853C6C3A79D1C1D391973"
"docs/r2_real_hardware_settings_ui.md","3048","AAD6AA27CDC1E7ED204FC9A86D244327871B2293C5B89B88510F1FE49DB431FF"
"docs/serial_node_inventory.md","2312","326A47E62DB2E5E8EBC6A7D8C330AE4EB29AC37E3F63EDE8A9B68ED015EA8212"
"docs/serial_reconnect.md","2867","A85D9F2C63F7BA35954A3521492B8FE80EB659A5C1C8B1BACE327C568BBE87E5"
"esp32_firmware/board_pins.h","1221","F1D4836B5477791975D6A33D2E4794BD996E03FABE86D8E46587CC270D2289E0"
"esp32_firmware/config_storage.cpp","15213","2F2AE1F4110CA87D9B533C8500D8BF02E844B690273D42139FCD88047952106C"
"esp32_firmware/config_storage.h","396","C88FDA213D268827C1874CF74AD5F46428573065A001BAD35C914A037DA6BFA5"
"esp32_firmware/encoder_control.cpp","9568","A1203AEE6EE9C009AC43CE245627A2BE2EC335016C26876EF44563F7AF4AEB93"
"esp32_firmware/encoder_control.h","666","9D76B7B1713B382A43DEB71D15507327A50B91632FDD9234C48FC590E923BD76"
"esp32_firmware/esp32_firmware.ino","10839","D4E7AAAA9D7C2F60AED9E8DCC153FE300CC81FFC3F87649085C280C72FAB5817"
"esp32_firmware/external_estop.cpp","109","84D5DF97426AC74BCD6745D312B3EC3D98B8A1515AB15D845E5081651D2AA2DF"
"esp32_firmware/external_estop.h","71","ECBCAAAF6BF76B9DDD3E88DB812A9DD0B0E9EA9FDD7FF2BCD56D32ADB87F4C3A"
"esp32_firmware/motor_control.cpp","3601","249BCA6E556F36524F3E24EA02C65C54C34D50AD15FABA6C8F4996DD174E04B9"
"esp32_firmware/motor_control.h","763","C9D5AE9DFE10770D4E0A0CE32821F1B0889F5AC4FF582705A7764A90CC302A4B"
"esp32_firmware/pid_controller.cpp","1079","47F87CE5A7E89A78C6594B76E9B4685208C0B3D13F64F94FA2C9AC6135A7396B"
"esp32_firmware/pid_controller.h","279","540642441BA61988C82FD272375CB6532B9F28CA96DBF4E6FB68D9E62E48FDA2"
"esp32_firmware/safety_manager.cpp","2855","92B5EB5CB77CF0B84E4C473F8C79520831A034285F67F3CF5C454DC674C58866"
"esp32_firmware/safety_manager.h","1280","39146CF24991D2A756D6866FEC7F8A5CBA9D89DA91744B63E827706218E7E40F"
"esp32_firmware/serial_protocol.cpp","7672","D53A5EC4BCD60DE39D0B878EC1F33E9795394E454F8B0BFB3863709B912E1EA5"
"esp32_firmware/serial_protocol.h","1487","0261C2F4D2B7E792A95838448620AA96463F452DD6407CBF041CE7934518C594"
"esp32_firmware/servo_control.cpp","5359","4A86F6500CE6F0314A3C2DD23D1873C507D18F954F8E0C2D1DFE17D122EEE01E"
"esp32_firmware/servo_control.h","1148","A81FE9D7B19EB015F443935C71B2CD11D54FE5B1F727484B73CAD0C3EF2A3FE3"
"esp32_firmware/vehicle_config.h","2110","44C22B41C381FF2A687C1FC0EA5B644589F56FEFD99B240554FA291A3F85BC53"
"pc_controller/__init__.py","192","2D8BA7B752B51044D7AF9EF2D93EBF0A3324DCB8BA2744401A783C06DDF863CC"
"pc_controller/app.py","62326","F1B1700B57A20D138D6863B5FA9181AE606C7F91277CADBDDC44E966412CDD23"
"pc_controller/autonomy.py","14528","CD13028C79DE7D1F96DB0CF5F41FEF7D0E280BB98A77AD7A4F1853404192EDAD"
"pc_controller/bounded_motion_verify.py","7491","E4E425B40466F11EA8A4F6725FB3C72677E2EC5D2E884F997EC051831C48BD7D"
"pc_controller/calibration.py","1015","368986F43F0226A5EFE62C574AB6BABB422788A5EDFBB95E3AF57E5BDE333137"
"pc_controller/competition.py","26078","256E10EB9003832DB1B7748082DE0FC2F70684BF91AF1343822A48CE01977609"
"pc_controller/config_manager.py","9632","AE4CCDE079DDA3C0B3746524425EECF0671D93E0979A6AF8A522EEB25AAA1244"
"pc_controller/controller_input.py","6743","CECF867305490F14B9B803AA0929F32D1F274B2FB28B4AE80D383A281C21919E"
"pc_controller/debug_mode.py","825","399E7067514352B25903AB11021070E63E95938E050105D25DD0F1EDE9B6B378"
"pc_controller/encoder_monitor.py","6188","2D45FF606C41002977D45E9FC7E75DF15FF6F763FB476AEFBAA8804608BCD6D2"
"pc_controller/fake_autonomy_scenarios.py","12126","E853E5AD2A69F36C3ED9B8DE12998A341F64155DC26ACBA5227142C138263E91"
"pc_controller/fake_competition_demo.py","5116","C7141F3B92DFEF84FD84DE47A2D844E95262C3C87E98897E47E78BC4E78A79FD"
"pc_controller/fake_robot_demo.py","4728","93895129442076482043856D28A65432072BFD27A6B443B615B65C8FEEF1A58B"
"pc_controller/fake_robot_scenarios.py","17975","23834886BE11EBFB99EC7C2706C7B2FF6A5E6AEFDA06FAD82170F055E0C423B5"
"pc_controller/gui_autonomy_model.py","8412","87EF7FA399DB87B9AA92746D5A993B6D6062D38E48178417C97109BFFF01AA35"
"pc_controller/gui_calibration_model.py","5549","F4F9BD32AAAD31BCF2258205873D48F6D4EBFF55E798885AECC7FB63E924F0DF"
"pc_controller/gui_direction_model.py","18024","2501B479D656D9899FD3EECDDEA5CF58EF31CAB7A8A98F116B81B5F393745D56"
"pc_controller/gui_drive_model.py","4886","065982D2C44264517FB3FF8FCFE0483E78BCD9CC44327736B9FFB6835CE7E72C"
"pc_controller/gui_fault_history_model.py","6721","1FE9F2CBC0E257D5DFC9B76569C89EA8416A8C98699ABBB7A6C7F2120C723446"
"pc_controller/gui_logs_model.py","9653","ECF81B1FAEBB3323DA777A3DC3A2C6F16E0562540105D4B43C6615EA1A13DAC7"
"pc_controller/gui_mechanism_model.py","3809","3EAB382CFB7E430A9C757F73540E918884F1A0E80DA56435D1F4E0D60D630984"
"pc_controller/gui_model.py","32778","F7BA75552B954E8B41360BA87C5357380C407331FB69812B6CE42A71DB440C28"
"pc_controller/gui_parameter_model.py","10080","0D4A96BDA69F51A0CDEB715F6B14EBCFB2DA03270204E17206CA8715007F0D2B"
"pc_controller/gui_replay_model.py","11332","6B6D65EC3FA6A4902D2A4B0828D5C0DBDE0646CD3C5439BFF15D729347282D7D"
"pc_controller/gui_runtime.py","22445","35A13BD7A238E10F27011FA56EC8AF315B791663C38C25D195CE3FEA2C632E74"
"pc_controller/gui_sensor_model.py","4300","B9B978C2384C224D47033087747A613725C25F2621C098F44BCBE87F743085C5"
"pc_controller/gui_servo_angle_model.py","10538","C5C98AC2290B9E2299993C76163CDC4FD0F9665C9422853B0DBE5EEBD31F9A7E"
"pc_controller/gui_servo_zero_model.py","7499","DF2C04F3435B9F7C81C57BE01D8204F5DDFCB38E2ACC17DDB4ECD44D87A45F3A"
"pc_controller/gui.py","2037","3DEB04A8ED1F2B83D409881B1B4426975C4E12D91684EDC806804B6F8C64B2C2"
"pc_controller/kinematics.py","3313","AA0DA77377B40E70A81E0E8C1359580D5A74747034499212FF3339EA76F3DBB3"
"pc_controller/main.py","881","828B40254D2FA788FE119C9DE5BDAF4E063388C69D0D7FB8ED38C86FE00CCDE8"
"pc_controller/node_inventory.py","9376","DA85B21AD320CBE8E6A137165113C3B68D654A9C69593650ADC92736D1C72D47"
"pc_controller/protocol.py","4025","E0E019C03900EBB208A7DAED81FD2AF889F2DACAAA7A75CA966662ECB8097B03"
"pc_controller/safety.py","5392","FD108CDA84EE35E62686E7DF2810FA0322273771D41E95F86E25B59A8394CA41"
"pc_controller/serial_discovery.py","6430","D3C4FF5D9D3166E9E601C426ED4A39F5E14D326606BA3EE08EEAD83CEAD79862"
"pc_controller/serial_link.py","4159","6E7D48A30C6FB4B03C476B2276A3196F86EA0005281B5DBC8B7C0EAD46439FB4"
"pc_controller/simulator.py","20278","E414D0754DDF606092AE98F0862B0C6032177710FEA7E0DCA68FF00721C95A26"
"pc_controller/steering_optimizer.py","22557","7DC6BE5A31E64513850A603D2FF0F09922BBB841AB8133BFF0A26D269E3630FE"
"pc_controller/virtual_serial.py","6069","5CA503E1E4847DCFB0326F485525ADFF3D6B2BB0E111B5597A982E859D9CA3B5"
"pc_controller/wheel_pairing_check.py","19381","C6E08FD1053D7A7AB0C767798ACBAFDB109B679FA60B3EF95FA06C4CE0DBEA7A"
"pytest.ini","122","3EB700294604B95A414E92BD13FC58E4CC89CC8956995AABC9ABE916029E79FD"
"README_FOR_SHARE.md","1400","9B97EAB64BD0FB2B35F7D376C7ACE51A946AFFFCEEAB9D3AC79F61D9791E74FC"
"README.md","95700","0EB97338145CCC43FBAAA2786BE216F3B7D1E01AFD628BCEDDEA6BE51CCBC5B2"
"requirements.txt","39","7B2FA26D55D5A00150B4B4C282526D9EAF244E6D358C996F4200AC4EBDB46CE4"
"run-fake-robot-dashboard.cmd","901","1CA415E7D10675D4FE0110240FE3F765E755202B4F524FC3A7C89A288EA2AFFA"
"run-r2-new-dashboard.cmd","903","D80D46FDBA7B82EF0F2C71D3EC814C811613B5BDFA60752CDF8355B2322079A7"
"run-robot-dashboard-4wis.cmd","1166","6E1B6B62294112649F4DCAB7736D93808F6BE1A190C60BDA49C218BED7BB0EBD"
"setup-robot-dashboard-4wis.cmd","225","8EEB040D9AC4A6CDC43CB78A31D49919FD8BB975B0A42E5E3E5EF0676D3355AC"
"setup-robot-dashboard.cmd","1733","6FF8DCA865A9C5BA92D693AFA659E61222E3EFECF80A704030CC04D51212A731"
"tests/test_4wis_dashboard_model.py","12578","48EBC045A27DF43C1EDA0A4B68267D57CC0E68C9452B59CFCE454588520E86EF"
"tests/test_app_motion.py","10594","F553608745F7A02A592D3B1ADE7B1321DECD47700FAE0002CC94F07ABAA79A2D"
"tests/test_app_reconnect.py","19821","E847651D7202058AE9DF87243E939554C03EC1D50E5288D53509A39EFCE709FB"
"tests/test_app_serial.py","2744","AF1920300959402F2967E97942C68ABA1DDCEC25A66E07C710C279EA10962EED"
"tests/test_autonomy_screen_model.py","7827","14B62C9654A16DF19A1793C63FCEAEEA06F699175F5B839CF116CC8C1D0F9629"
"tests/test_autonomy_widget.py","6377","65B9F203E4BD3BA57D41A94E48E4F5989B5D8A56B67AC1D7C25B56F4D7DA03B6"
"tests/test_autonomy.py","9073","449BEBDC2C3986708954CCD9B836023897203956BE9532963839CF4A757DC263"
"tests/test_bounded_motion_verify.py","933","CBA3EF43D0B20B79D1DBECCD528F4F72E6CFFD27E9B827A4BA0A9DEB0C88F017"
"tests/test_calibration_diagnostic_model.py","4645","15D42D59E1AA115FD137341E3B8AC29769D5621F28B9674493C873E341C64BB3"
"tests/test_calibration_diagnostic_widget.py","18090","0D429C54520B1A563DC5E201C599213F9423374E136F5AB0FC1AFDD6352CDBD2"
"tests/test_command_center_field_map.py","2559","BD4894C1AA0CD8E01934BDE79414558FFAE13EE9E368008792D9D7C88AF85481"
"tests/test_command_center_header.py","2515","1349F2F9B2DB2E4C9C81EA4E7022C53E88419F0FD57DFD6128080B72690E2748"
"tests/test_competition.py","16296","E5F55172792DA9DC50E1E1CB5F64C2C761CDC94D7EC42D4944EC87670D90A499"
"tests/test_config.py","5944","EADFEA810EB5A6A33909B9547BFB9FC5A688D3E1BCF5F69FEEB02508141828A6"
"tests/test_direction_calibration_model.py","8563","7C24DEB198FD96C8F95C0067151D58CF8CB7B296136F889A6DC7A8B082F8F3B0"
"tests/test_drive_diagnostic_model.py","4826","DAFE6167FC01EFB67B5D97DF3E78C19FDB8649D5434458DC80E4E9BFDAC8FC22"
"tests/test_drive_diagnostic_widget.py","5171","651D974F26F0F5E7022F01A11F002C348BAFF04FB5DAC09C56EEED34D8E7FEE3"
"tests/test_encoder_monitor.py","1984","091D5197AC547AA7761B6BC278EF16054177C50AC6E36FED7A8DE56C448FB7B1"
"tests/test_fake_autonomy_scenarios.py","2027","76CBAA24F0856FAAAE6A2EB7A26630D60F19D028849D80CC76C04ADCF1874C75"
"tests/test_fake_competition_demo.py","2114","77CD07C16ED65B4EBE73A1E2F5D4444BC6E183ED9FE2CBA1ED54B043534071FB"
"tests/test_fake_robot_scenarios.py","2339","B506324225681A09691D41D87DC386703FD29FC5FAEAF1AEEA082F0665E5FC00"
"tests/test_fault_history_model.py","7663","0D2BDFD66954A827BEE17CD79FD1F72CD386C60B40B7694503DD278BA253A129"
"tests/test_fault_history_widget.py","4986","4100A14A7E6E7A3D18D8F956DDB96206F91BB3524A6510F7AD6D1D49867F7D14"
"tests/test_gui_model.py","12018","4860FCE0D22A166BD27FE99CE728ECDF6A4198C5231837D1FA8ED9ECE45B593A"
"tests/test_gui_runtime.py","12680","763886F48327E15362E9C6DD757412842E57C1F2C702DE3F5AEE12B9E674414E"
"tests/test_kinematics.py","1651","AFAA6E45B2AF448629B7CD61168CFE0CD2698C7AB79E9F7EE4725090FF3B241B"
"tests/test_logs_screen_model.py","6315","67C6DE3F9937B351648F85667A18068192F49800FAC3B6E3A38AF03EA9E02F90"
"tests/test_logs_widget.py","3237","6AB601FCA97CD8C01FE6929C4CA810804DDD88A63605791CBD1BFE68D4AF34D2"
"tests/test_main_dashboard_widget.py","6008","3D457182AB7D9DEDBD340897309C21B947F5BE568387D36095717E2BBF3A7E35"
"tests/test_mechanism_diagnostic_model.py","4910","976135393194D6E20BCF9519790CEF6058BF0BAC74AE2F78EA310268F3196E45"
"tests/test_mechanism_diagnostic_widget.py","5164","842D9176228A29EE9F9936B2790D8E3211E6DC360C22EC5EF370BBA4E7080660"
"tests/test_node_inventory.py","7191","74C82394AA900D6364E3ACCF13C82ADCC9EF040ABCC5BCFC47F2B7C5E2A731B5"
"tests/test_noise_eval.py","4107","7183CAD34D8EDCDB2AA845C05342954C1DFB4319DE1C887AFD882205915A7F04"
"tests/test_parameter_editor_model.py","9768","2C8EA07C23A4F1EC53D4B598DC8142D6E1DD7B8709859669441F51AFF3C6728E"
"tests/test_protocol.py","1602","718BBD8AED975815C4245D7C868541A4E3DFCE0F8B1C4D9C080795BC9431A78D"
"tests/test_real_hardware_settings_widget.py","5987","5C5C709A6E4490CDEDA0D8F4E1BD382C4B28CE37BC21F5E9E155D7CC89F9DC85"
"tests/test_replay_model.py","6597","C9DFC20F69853CC1354A8D12C43FA46933B97275365D4905DBE1B14D293E3C71"
"tests/test_replay_widget.py","4081","7B132FCB07DA5C20D88515E25852E3209437E42DD1013E53C22BC1FCC2CC82C3"
"tests/test_safety.py","3251","1B38B0034C72F6F31B7EA3D6B4123EC0B1A4E4071B2A90779644F19BC294914E"
"tests/test_sensor_diagnostic_model.py","4977","895C7D797B2C069004AE92C0A7354F6458B5B760D12FD8B876343E839540E502"
"tests/test_sensor_diagnostic_widget.py","5262","3C54C5C904A32080648BAAF388397447CA0F65D10BA9CDB28D1A0751FCC42B86"
"tests/test_serial_discovery.py","7118","3EFC7F23F1E517B2BE2C0496863BD1022ADC828FF35A65BF1CAB18A67E02C853"
"tests/test_servo_angle_model.py","6635","26EB6D843C01F85C425EE1E2CCD2E07CB815397E67B2364D5C4BD47BB27F52B4"
"tests/test_servo_zero_model.py","5544","DC79B81F18A50A55BDEFA0E4AECEA31FCEE466376A770BE0208A9B1F9D287777"
"tests/test_shared_runtime_window.py","18566","A9394F5102B2C2B4DE02C71EAA7A9FDA8E5DF793E707DAFB1091DCA74731B6C6"
"tests/test_simulated_fault_injection.py","10190","C26F0CFFD5A1AF542D8F8EAF020AE20B7417ED7BED0D0430B3E15BBFC8F5146E"
"tests/test_sound_manager.py","5837","E8AB31B0B2C75D8C5DB0025E30D6E29BD78D01DC14962810A57554F18F00B835"
"tests/test_steering_optimizer.py","7065","772B1974C3E6B2042538D34B9EEC66444A01C6A053FE7A209C2919B2A020E660"
"tests/test_virtual_serial.py","9375","FAE8612D9E632C319BCA24D07FEB9C905308D4F7085BF68080106A3A75006046"
"tests/test_wheel_pairing_check.py","2469","B9E7BD6D4082501E7D1DC4DD934461E0C05D611F25530B82684AB8A21E56AE8F"
